shift,metric,baseline,sentiment
1dayshift,MAE,3.1417239796031606,2.428379756648366
1dayshift,MAPE,9.252386996741299,6.871079690816375
1dayshift,MDAPE,8.045224167522438,4.655562040993934
4dayshift,MAE,3.684538234363903,4.2987658977508545
4dayshift,MAPE,10.606548534135705,12.4332271233766
4dayshift,MDAPE,8.517405006082267,8.739938514749992
7dayshift,MAE,3.8355617947048612,5.483433859688895
7dayshift,MAPE,11.872423628046349,15.641420684622004
7dayshift,MDAPE,8.38171402413502,14.091451123020526
