shift,metric,baseline,sentiment
1dayshift,MAE,74.5945137219551,98.69260742187502
1dayshift,MAPE,2.174030913970291,2.862375756430431
1dayshift,MDAPE,1.8752199392578537,3.0410940138393623
4dayshift,MAE,78.58986253004805,108.03980509440105
4dayshift,MAPE,2.2925486416851766,3.0950036136926635
4dayshift,MDAPE,1.980433370639224,3.1089077853693823
7dayshift,MAE,82.47922363281256,127.14571439302881
7dayshift,MAPE,2.403971970351773,3.656097273965829
7dayshift,MDAPE,2.161235487068149,3.045341134920256
