shift,metric,baseline,sentiment
1dayshift,MAE,0.4988373438517254,0.5498393221599299
1dayshift,MAPE,4.865030761577713,5.335874898530192
1dayshift,MDAPE,3.2177394343364285,5.657845676058384
4dayshift,MAE,0.532507472568088,0.5120102486959316
4dayshift,MAPE,5.503668013212494,5.111254211134306
4dayshift,MDAPE,4.31290072956088,4.504189921959594
7dayshift,MAE,0.5440096749199761,0.5767486890157062
7dayshift,MAPE,5.489221363253879,5.683745202401921
7dayshift,MDAPE,4.999206539568143,4.188468621109099
