shift,metric,baseline,sentiment
1dayshift,MAE,12.305301920572914,9.716458129882806
1dayshift,MAPE,3.690595163266467,2.8943608214086103
1dayshift,MDAPE,3.5938994625078227,2.1814198616613094
4dayshift,MAE,11.017811075846357,17.59674072265625
4dayshift,MAPE,3.315364183249331,5.185843876458642
4dayshift,MDAPE,3.167070566146964,5.671801239675682
7dayshift,MAE,14.480123212260581,22.890365600585945
7dayshift,MAPE,4.379779725698922,6.941179198992152
7dayshift,MDAPE,3.154986443791672,5.146871448288788
