shift,metric,baseline,sentiment
1dayshift,MAE,0.18509160995483398,0.22848364512125652
1dayshift,MAPE,3.1987520803418885,4.002734323091471
1dayshift,MDAPE,2.1585919513812573,3.7349443529253255
4dayshift,MAE,0.12898847331171462,0.48216131755283875
4dayshift,MAPE,2.2483965341960888,8.318518090295413
4dayshift,MDAPE,1.7031113945375647,7.103150828124175
7dayshift,MAE,0.17364989794217614,0.496217695871989
7dayshift,MAPE,3.0172190267137666,8.56446950965873
7dayshift,MDAPE,2.3656913442251417,8.586695919156279
