shift,metric,baseline,sentiment
1dayshift,MAE,0.958660135129335,1.0144182262998633
1dayshift,MAPE,4.437791656595317,4.348580563186072
1dayshift,MDAPE,4.299477741888793,3.4643215016409425
4dayshift,MAE,1.614207212443813,1.6696947733561198
4dayshift,MAPE,7.611723360315493,7.2307760253964
4dayshift,MDAPE,7.363378651506433,6.907447588109503
7dayshift,MAE,2.2139775476282297,1.530743743434097
7dayshift,MAPE,10.116495368139882,6.70770516763964
7dayshift,MDAPE,8.91817169479433,5.952118490343896
