shift,metric,baseline,sentiment
1dayshift,MAE,158.0364743926107,79.51029019742398
1dayshift,MAPE,9.93104304986733,7.350353484991665
1dayshift,MDAPE,7.452724582094669,6.840483233283166
4dayshift,MAE,171.69503078275181,95.98279451069077
4dayshift,MAPE,10.793294578057264,8.592864593476376
4dayshift,MDAPE,9.248959429464417,6.208880208629619
7dayshift,MAE,124.16226142377378,92.5909793251439
7dayshift,MAPE,9.359264645084727,8.326710532702386
7dayshift,MDAPE,8.037322258158623,5.825876904126299
