shift,metric,baseline,sentiment
1dayshift,MAE,0.6690698862075806,0.5660397112369537
1dayshift,MAPE,14.80279785289633,12.112775941788989
1dayshift,MDAPE,14.332252826841469,9.16295693392873
4dayshift,MAE,0.7961679263548418,0.698825261531732
4dayshift,MAPE,17.954730370068585,15.515019119735163
4dayshift,MDAPE,17.839608557288194,11.433386408436663
7dayshift,MAE,0.7010741992430254,0.6467562139034271
7dayshift,MAPE,16.695608549973205,14.63737534656809
7dayshift,MDAPE,16.100446796323347,11.855585718161194
